prompt,base,finetuned
Giải thích khái niệm machine learning cho người mới bắt đầu.,"Machine learning là một phân khúc của trí tuệ nhân tạo, nó tập trung vào việc thiết lập các mô hình máy móc để học tập từ dữ liệu và từ đó có thể dự đoán hoặc hành động. Nhìn vào khía cạnh đơn giản, nó hoạt động tương tự như cách con người tích lũy kinh nghiệm.",Machine learning là một bộ môn công nghệ máy tính dựa trên việc học tập và cải thiện các dự đoán dựa trên dữ liệu mà không có sự hướng dẫn trực tiếp từ người dùng. Nó là một phần của AI (trí tuệ nhân tạo) giúp máy tính tự động hóa việc đưa ra các quyết định.
Viết đoạn code Python tính số Fibonacci thứ n.,"Để tính số Fibonacci thứ n, bạn có thể sử dụng hàm đệ quy hoặc vòng lặp. Đây là một đoạn mã Python cho phép bạn tính số Fibonacci thứ n:

def fibonacci(n):
    if n <= 0:
        return ""N phải là số nguyên dương.""
    elif n == 1:
        return 0","Để tính số Fibonacci thứ n, bạn có thể viết một đoạn code Python như sau:

def fibonacci(n):
    if n < 0:
        raise ValueError(""Input phải là một số nguyên dương."")
    elif n == 0:
        return 0
    elif n == 1:
        return 1"
Liệt kê 5 nguyên tắc thiết kế UI/UX.,"1. Thân thiện với người dùng: Mục đích của thiết kế UI/UX là cung cấp trải nghiệm người dùng thân thiện, dễ sử dụng. Bố cục, màu sắc phải hài hòa.
2. Nhất quán: Các nút bấm, biểu tượng cần đồng bộ.
3. Đơn giản: Không làm người dùng rối mắt.","1. Chuyển đổi: UI/UX thiết kế phải hướng tới việc giúp người dùng thực hiện hành động dễ dàng nhất.
2. Thích ứng: Thiết kế thích ứng đa thiết bị.
3. Đơn giản: Tập trung vào luồng người dùng cốt lõi.
4. Nhất quán: Đồng bộ thiết kế hệ thống.
5. Phản hồi trực quan: Phản hồi rõ ràng."
Tóm tắt sự khác biệt giữa LoRA và QLoRA.,LoRA (Low-Rank Adaptation) và QLoRA (Quantized LoRA) là hai phương pháp cải thiện hiệu năng của mô hình NLU bằng cách sử dụng các phép biến đổi thấp độ phức tạp. LoRA giảm số tham số huấn luyện của mô hình gốc.,"LoRA (Low-Rank Adaptation) và QLoRA (Quantized LoRA) là hai phương pháp fine-tuning hiệu quả tham số. LoRA đóng băng mô hình cơ sở và thêm các adapter ma trận hạng thấp, trong khi QLoRA lượng tử hóa mô hình cơ sở xuống 4-bit (NF4) để tiết kiệm VRAM tối đa."
"Phân biệt prompt engineering, RAG, và fine-tuning.","Prompt engineering, RAG (retrieval augmented generation), và fine-tuning là ba cách để cải thiện hiệu suất. Prompt engineering là kỹ thuật tối ưu hóa câu lệnh. RAG kết hợp truy xuất tài liệu bên ngoài. Fine-tuning là huấn luyện lại mô hình.","Prompt engineering tập trung vào thiết kế câu lệnh để định hướng câu trả lời mà không đổi trọng số. RAG kết hợp tìm kiếm thông tin ngoài để bổ sung kiến thức động. Fine-tuning huấn luyện lại một phần mô hình (như dùng LoRA) để điều chỉnh phong cách, định dạng và hành vi chuyên biệt."
